0.0;
abendessengehen;Ernährung und Konsum
accessoires;Ernährung und Konsum
achtsamkeit;Gesundheit
architektur;Bauen und Wohnen
austausch;
bäckerei;Ernährung und Konsum
bekleidung;Ernährung und Konsum
beratung;
bge;Geld und Finanzen
bildung;Bildung
bioladen;Ernährung und Konsum
bioland;Umwelt
biologisch;Umwelt
bistro;Ernährung und Konsum
bne;Bildung
bücher;Kunst und Kultur
bundhshd;Bildung
bundjugend;
cafe;Ernährung und Konsum
café;Ernährung und Konsum
caj;
circulareconomy;Geld und Finanzen
coaching;
community;
coworking;Arbeit und Recht
csa;Ernährung und Konsum
damenmode;Ernährung und Konsum
demeter;Ernährung und Konsum
demokratie;
design;Kunst und Kultur
digitalisierung;
dingetransportieren;Mobilität
diy;Bauen und Wohnen
ecogood;Geld und Finanzen
ehrenamt;Arbeit und Recht
einkaufen;Ernährung und Konsum
energie;Energie
energiefeld;
energiewende;Energie
engagement;Arbeit und Recht
ernährung;Ernährung und Konsum
ernährungsdemokratie;Ernährung und Konsum
erneuerbare-energien;Energie
essen;Ernährung und Konsum
events;Kunst und Kultur
fahrrad;Mobilität
fair;Arbeit und Recht
fairer-handel;Ernährung und Konsum
fairfashion;Ernährung und Konsum
fairtrade;Arbeit und Recht
fashion;Ernährung und Konsum
fleisch;Ernährung und Konsum
foodsharing;Ernährung und Konsum
forschung;Bildung
forschung;Bildung
frühstück;Ernährung und Konsum
frühstückengehen;Ernährung und Konsum
fwd-regionalgruppe;
garten;Umwelt
gastro;Ernährung und Konsum
gastronomie;Ernährung und Konsum
geld;Geld und Finanzen
gemeinnützig;Arbeit und Recht
gemeinschaft;Bauen und Wohnen
gemeinschaftsgarten;Umwelt
gemeinwohl;
gemeinwohlökonomie;Geld und Finanzen
gemüse;Ernährung und Konsum
genossenschaft;Arbeit und Recht
gerechtigkeit;Arbeit und Recht
gesellschaft;
gestaltung;
gesundheit;Gesundheit
grundeinkommen;Geld und Finanzen
gründerökosystem;
gwö;Geld und Finanzen
haushalt;Geld und Finanzen
hof;Ernährung und Konsum
hofladen;Ernährung und Konsum
honig;Ernährung und Konsum
ideenerfahren17;
imbiss;Ernährung und Konsum
inklusion;
innovationen;Bildung
inscafegehen;Ernährung und Konsum
institut;Bildung
integration;
kab;Arbeit und Recht
kaffee;Ernährung und Konsum
kinder;
klamotten;Ernährung und Konsum
klamottenkaufen;Ernährung und Konsum
klamottenladen;Ernährung und Konsum
kleidung;Ernährung und Konsum
klimaschutz;Klimaschutz
klimawandel;Klimaschutz
kommunikation;
konsumkritischer-stadtrundgang;Bildung
kosmetik;Ernährung und Konsum
kultur;Kunst und Kultur
kunst;Kunst und Kultur
lagsoziokulturbayern;Bildung
landwirtschaft;Ernährung und Konsum
lastenrad;Mobilität
lastenradverleih;Mobilität
lebensgemeinschaft;
lebensmittel;Ernährung und Konsum
lebensmittelbesorgen;Ernährung und Konsum
lernen;Bildung
mittagessengehen;Ernährung und Konsum
möbel;Bauen und Wohnen
mobilität;Mobilität
mobilität&werkstätten;Mobilität
mode;Ernährung und Konsum
musik;Kunst und Kultur
nachbarschaft;Bauen und Wohnen
nachhaltig;Klimaschutz
nachhaltigkeit;Klimaschutz
natur;Umwelt
naturschutz;Umwelt
netzwerk;Bildung
obst;Ernährung und Konsum
öko;
ökobau;Bauen und Wohnen
ökodorf;Umwelt
ökoligenta;
ökoligenta-netz;
ökologie;Umwelt
ökologisch;Umwelt
ökologische-landwirtschaft;Umwelt
papierkarte;Bildung
partei;Arbeit und Recht
partizipation;
permakultur;Umwelt
petitriens;Ernährung und Konsum
plastikfrei;Umwelt
plattform;Bildung
pocsummit;
politik;Arbeit und Recht
produkte;Ernährung und Konsum
projekte;Arbeit und Recht
recycling;Umwelt
refugees;Arbeit und Recht
regional;Ernährung und Konsum
regionalgruppe;Bildung
regionallotse;
regpis;
repaircafe;Bildung
reparatur;Bauen und Wohnen
reparieren;Bauen und Wohnen
restaurant;Ernährung und Konsum
rethinkeconomy;Geld und Finanzen
saisonal;Ernährung und Konsum
schmuck;Ernährung und Konsum
schokofahrt;Ernährung und Konsum
schokolade;Ernährung und Konsum
schuhe;Ernährung und Konsum
schule;Bildung
secondhand;Ernährung und Konsum
secondhandladen;Ernährung und Konsum
sharing;Ernährung und Konsum
socent;Geld und Finanzen
social-startup;Kunst und Kultur
solawi;Klimaschutz
solidarische-landwirtschaft;Ernährung und Konsum
sozial;Kunst und Kultur
soziokultur;Kunst und Kultur
soziokulturbayern;
stadt;Bauen und Wohnen
stadtentwicklung;Bauen und Wohnen
stadtgarten;Bauen und Wohnen
startup;Arbeit und Recht
technologie;Energie
teikei;Ernährung und Konsum
teikei-gemeinschaft;
tinyhouse;Bauen und Wohnen
transformation;
transition;Klimaschutz
transitiontown;Klimaschutz
umsonstladen;Ernährung und Konsum
umwelt;Umwelt
umweltbildung;Bildung
umweltschutz;Umwelt
unverpackt;Ernährung und Konsum
upcycling;Klimaschutz
urban-gardening;Bauen und Wohnen
vegan;Ernährung und Konsum
vegetarisch;Ernährung und Konsum
veranstaltungen;Kunst und Kultur
verein;Arbeit und Recht
verkehr;Mobilität
vernetzung;Bildung
verpackungsfrei;Umwelt
vorwärtsbeo;
wandel;
wandel-bayreuth;
wandeltreppe;
weltbewusst;Umwelt
weltladen;Ernährung und Konsum
werkstatt;Bauen und Wohnen
wind;Klimaschutz
wirtschaft;Geld und Finanzen
wissenschaft;Bildung
wohnen;Bauen und Wohnen
wohnprojekt;Bauen und Wohnen
workshops;Bildung
zerowaste;Ernährung und Konsum
zivilgesellschaft;Kunst und Kultur
zukunft;
